Jill,Doe1
Joe,Doe2
Justin,Doe3
Jane,Doe4
John,Doe5
John,Doe6
John,Doe7
John,Doe8
John,Doe9
John,Doe10
John,Doe11
John,Doe12
John,Doe13
John,Doe14
John,Doe15
John,Doe16
John,Doe17
John,Doe18
John,Doe19
John,Doe20
John,Doe21
John,Doe22
Jill,Doe23
Jill,Doe24
Jill,Doe25
Jill,Doe26
Jill,Doe27
Jill,Doe28
John,Doe
John,Doe
John,Doe
John,Doe
John,Doe
John,Doe
John,Doe
John,Doe
John,Doe
John,Doe
John,Doe
John,Doe
John,Doe
John,Doe
John,Doe
John,Doe
John,Doe
John,Doe
John,Doe
John,Doe
John,Doe
John,Doe
John,Doe
John,Doe
John,Doe
John,Doe
John,Doe
John,Doe
John,Doe
John,Doe
John,Doe
John,Doe
John,Doe
John,Doe
John,Doe
John,Doe
John,Doe
John,Doe
John,Doe
John,Doe
John,Doe
John,Doe
John,Doe
John,Doe
John,Doe
John,Doe
John,Doe
John,Doe
John,Doe
John,Doe
John,Doe
John,Doe
John,Doe
John,Doe
John,Doe
John,Doe
John,Doe
John,Doe
John,Doe
John,Doe
John,Doe
John,Doe
John,Doe
John,Doe
John,Doe
John,Doe
John,Doe
John,Doe
John,Doe
John,Doe
John,Doe
John,Doe
John,Doe
John,Doe
John,Doe
John,Doe
John,Doe
John,Doe
John,Doe
John,Doe
John,Doe
John,Doe
John,Doe
John,Doe
John,Doe
John,Doe
John,Doe
John,Doe
John,Doe
John,Doe
John,Doe
John,Doe
John,Doe
John,Doe
John,Doe
John,Doe
John,Doe
John,Doe
John,Doe
John,Doe
John,Doe
John,Doe
John,Doe
John,Doe
John,Doe
John,Doe
John,Doe
John,Doe
John,Doe
John,Doe
John,Doe
John,Doe
John,Doe
John,Doe
John,Doe
John,Doe
John,Doe
John,Doe
John,Doe
John,Doe
John,Doe
John,Doe
John,Doe
John,Doe
John,Doe
John,Doe
John,Doe
John,Doe
John,Doe
John,Doe
John,Doe
John,Doe
John,Doe
John,Doe
John,Doe
John,Doe
John,Doe
John,Doe
John,Doe
John,Doe
John,Doe
John,Doe
John,Doe
John,Doe
John,Doe
John,Doe
John,Doe
John,Doe
John,Doe
John,Doe
John,Doe
John,Doe
John,Doe
John,Doe
John,Doe
John,Doe
John,Doe
John,Doe
John,Doe
John,Doe
John,Doe
John,Doe
John,Doe
John,Doe
John,Doe
John,Doe
John,Doe
John,Doe
John,Doe
John,Doe
John,Doe
John,Doe
John,Doe
John,Doe
John,Doe
John,Doe
John,Doe
John,Doe
John,Doe
John,Doe
John,Doe
John,Doe
John,Doe
John,Doe
John,Doe
John,Doe
John,Doe
John,Doe
John,Doe
John,Doe
John,Doe
John,Doe
John,Doe
John,Doe
John,Doe
John,Doe
John,Doe
John,Doe
John,Doe
John,Doe
John,Doe
John,Doe
John,Doe
John,Doe
John,Doe
John,Doe
John,Doe
John,Doe
John,Doe
John,Doe
John,Doe
John,Doe
John,Doe
John,Doe
John,Doe
John,Doe
John,Doe
John,Doe
John,Doe
John,Doe
John,Doe
John,Doe
John,Doe
John,Doe
John,Doe
John,Doe
John,Doe
John,Doe
John,Doe
John,Doe
John,Doe
John,Doe
John,Doe
John,Doe
John,Doe
John,Doe
John,Doe
John,Doe
John,Doe
John,Doe
John,Doe
John,Doe
John,Doe
John,Doe
John,Doe
John,Doe
John,Doe
John,Doe
John,Doe
John,Doe
John,Doe
John,Doe
John,Doe
John,Doe
John,Doe
John,Doe
John,Doe
John,Doe
John,Doe
John,Doe
John,Doe
John,Doe
John,Doe
John,Doe
John,Doe
John,Doe
John,Doe
John,Doe
John,Doe
John,Doe
John,Doe
John,Doe
John,Doe
John,Doe
John,Doe
John,Doe
John,Doe
John,Doe
John,Doe
John,Doe
John,Doe
John,Doe
John,Doe
John,Doe
John,Doe
John,Doe
John,Doe
John,Doe
John,Doe
John,Doe
John,Doe
John,Doe
John,Doe
John,Doe
John,Doe
John,Doe
John,Doe
John,Doe
John,Doe
John,Doe
John,Doe
John,Doe
John,Doe
John,Doe
John,Doe
John,Doe
John,Doe
John,Doe
John,Doe
John,Doe
John,Doe
John,Doe
John,Doe
John,Doe